# Kyte-Doolittle hydropathy per residue of human ubiquitin (PDB 1ubq, chain A). Example table for Pellaeon's Import table button.
position,wt,chain,hydropathy,class
1,M,A,1.9,hydrophobic
2,Q,A,-3.5,polar
3,I,A,4.5,hydrophobic
4,F,A,2.8,hydrophobic
5,V,A,4.2,hydrophobic
6,K,A,-3.9,charged
7,T,A,-0.7,polar
8,L,A,3.8,hydrophobic
9,T,A,-0.7,polar
10,G,A,-0.4,special
11,K,A,-3.9,charged
12,T,A,-0.7,polar
13,I,A,4.5,hydrophobic
14,T,A,-0.7,polar
15,L,A,3.8,hydrophobic
16,E,A,-3.5,charged
17,V,A,4.2,hydrophobic
18,E,A,-3.5,charged
19,P,A,-1.6,special
20,S,A,-0.8,polar
21,D,A,-3.5,charged
22,T,A,-0.7,polar
23,I,A,4.5,hydrophobic
24,E,A,-3.5,charged
25,N,A,-3.5,polar
26,V,A,4.2,hydrophobic
27,K,A,-3.9,charged
28,A,A,1.8,hydrophobic
29,K,A,-3.9,charged
30,I,A,4.5,hydrophobic
31,Q,A,-3.5,polar
32,D,A,-3.5,charged
33,K,A,-3.9,charged
34,E,A,-3.5,charged
35,G,A,-0.4,special
36,I,A,4.5,hydrophobic
37,P,A,-1.6,special
38,P,A,-1.6,special
39,D,A,-3.5,charged
40,Q,A,-3.5,polar
41,Q,A,-3.5,polar
42,R,A,-4.5,charged
43,L,A,3.8,hydrophobic
44,I,A,4.5,hydrophobic
45,F,A,2.8,hydrophobic
46,A,A,1.8,hydrophobic
47,G,A,-0.4,special
48,K,A,-3.9,charged
49,Q,A,-3.5,polar
50,L,A,3.8,hydrophobic
51,E,A,-3.5,charged
52,D,A,-3.5,charged
53,G,A,-0.4,special
54,R,A,-4.5,charged
55,T,A,-0.7,polar
56,L,A,3.8,hydrophobic
57,S,A,-0.8,polar
58,D,A,-3.5,charged
59,Y,A,-1.3,polar
60,N,A,-3.5,polar
61,I,A,4.5,hydrophobic
62,Q,A,-3.5,polar
63,K,A,-3.9,charged
64,E,A,-3.5,charged
65,S,A,-0.8,polar
66,T,A,-0.7,polar
67,L,A,3.8,hydrophobic
68,H,A,-3.2,charged
69,L,A,3.8,hydrophobic
70,V,A,4.2,hydrophobic
71,L,A,3.8,hydrophobic
72,R,A,-4.5,charged
73,L,A,3.8,hydrophobic
74,R,A,-4.5,charged
75,G,A,-0.4,special
76,G,A,-0.4,special
